<?xml version="1.0" encoding="UTF-8"?>
<!DOCTYPE mapper
PUBLIC "-//mybatis.org//DTD mapper 3.0//EN"
"http://mybatis.org/dtd/mybatis-3-mapper.dtd">


<mapper namespace="book"> 

<!-- 도서 목록 전체 -->
<select id="listAll" resultType="com.project.library.vo.BookVo">
select b_no, b_title, b_author, b_publisher, b_thumbnail 
from book_db
<include refid="search"/>
limit #{displayPost}, #{postNum};
</select>

<!-- 검색 조건 sql -->
<sql id="search">
	<choose>
		<!-- 검색옵션이 전체 검색일 경우 -->
		<when test="searchOption.equals('all')">
			WHERE b_title like concat('%',#{keyword},'%')
			OR b_author like concat('%',#{keyword},'%')
            OR b_publisher like concat('%',#{keyword},'%')
		</when>
		<!-- 검색옵션 선택 검색일 경우 -->
		<otherwise>
			WHERE ${searchOption} like concat('%',#{keyword},'%')
		</otherwise>
	</choose>
</sql>


<!-- 조회한 도서 레코드 개수 -->
<select id="countArticle" resultType="int">
select count(*) from book_db
<include refid="search"/>
</select>

<!-- 조회수 많은 도서 목록 -->
<select id="best_hits" resultType="com.project.library.vo.BookVo">
select * 
from book_db as t1
left join (select b_no, count(*) as count
			from  b_viewcnt_db
			group by b_no ) t2
	  on t1.b_no = t2.b_no
      group by t1.b_no order by t2.count desc limit 6;
</select>

<!-- 관심 카테고리 (조회 많은 카테고리 가져오기) -->
<select id="interest_ctg" resultType="String">
select a.b_ctg1 from (
select t1.b_ctg1 as b_ctg1, count(*) as count 
from book_db as t1
inner join (select b_no, userId, b_view_date
			from  b_viewcnt_db
			where userId=#{userId} 
			group by b_no, userId, b_view_date order by b_view_date desc ) t2
		on t1.b_no = t2.b_no
        group by t1.b_ctg1 limit 1) as a
</select>

<!-- 관심 카테고리별 추천(랜덤으로 가져오기) -->
<select id="ctg_recom" resultType="com.project.library.vo.BookVo">
select * from book_db where b_ctg1=#{interest_ctg} order by RAND() limit 6
</select>

<!-- 도서 상세보기 -->
<select id="view" resultType="com.project.library.vo.BookVo">
select * from book_db where b_no=#{b_no}
</select>

<!-- 도서 조회수 증가  -->
<update id="increaseViewcnt">
insert into b_viewcnt_db (b_no, userId) values (#{b_no},#{userId})
</update>

<!-- 도서 대여 가능한 도서관 목록 -->
<select id="lib_list" resultType="com.project.library.vo.LibraryBookVo">
select * 
from library_book_db
WHERE lib_b_title like concat('%',#{b_title},'%')
</select>

</mapper>